SET FOREIGN_KEY_CHECKS = 0;

INSERT INTO `ls_config` (`id`, `type`, `name`, `value`, `create_time`, `update_time`) VALUES (1, 'website', 'name', '上门家政系统', 1669109233, 1670569235);

INSERT INTO `ls_config` (`id`, `type`, `name`, `value`, `create_time`, `update_time`) VALUES (2, 'website', 'web_favicon', 'uploads/images/20221209/202212091501353af489908.png', 1669109233, 1670569299);

INSERT INTO `ls_config` (`id`, `type`, `name`, `value`, `create_time`, `update_time`) VALUES (3, 'website', 'web_logo', 'uploads/images/20221209/202212091501353af489908.png', 1669109233, 1670569307);

INSERT INTO `ls_config` (`id`, `type`, `name`, `value`, `create_time`, `update_time`) VALUES (4, 'website', 'login_image', 'uploads/images/20230403/20230403174253cea731635.png', 1669109233, 1680514982);

INSERT INTO `ls_config` (`id`, `type`, `name`, `value`, `create_time`, `update_time`) VALUES (5, 'website', 'shop_name', '上门家政系统', 1669109233, 1670569235);

INSERT INTO `ls_config` (`id`, `type`, `name`, `value`, `create_time`, `update_time`) VALUES (6, 'website', 'shop_logo', 'uploads/images/20221209/20221209145933ad3bb1465.png', 1669109233, 1670569224);

INSERT INTO `ls_config` (`id`, `type`, `name`, `value`, `create_time`, `update_time`) VALUES (7, 'website', 'mobile', NULL, 1669109233, 1669109233);

INSERT INTO `ls_config` (`id`, `type`, `name`, `value`, `create_time`, `update_time`) VALUES (8, 'website', 'contact', NULL, 1669109233, 1669109233);

INSERT INTO `ls_config` (`id`, `type`, `name`, `value`, `create_time`, `update_time`) VALUES (9, 'tabbar', 'style', '{\"default_color\":\"#999999\",\"selected_color\":\"#4173ff\",\"defaultColor\":\"#999999\",\"selectedColor\":\"#EA5455\"}', 1669112264, 1669198978);

INSERT INTO `ls_config` (`id`, `type`, `name`, `value`, `create_time`, `update_time`) VALUES (10, 'oa_setting', 'name', '', 1669185957, 1669185957);

INSERT INTO `ls_config` (`id`, `type`, `name`, `value`, `create_time`, `update_time`) VALUES (11, 'oa_setting', 'original_id', '', 1669185957, 1669185957);

INSERT INTO `ls_config` (`id`, `type`, `name`, `value`, `create_time`, `update_time`) VALUES (12, 'oa_setting', 'qr_code', '', 1669185957, 1669185957);

INSERT INTO `ls_config` (`id`, `type`, `name`, `value`, `create_time`, `update_time`) VALUES (13, 'oa_setting', 'app_id', '123', 1669185957, 1680516864);

INSERT INTO `ls_config` (`id`, `type`, `name`, `value`, `create_time`, `update_time`) VALUES (14, 'oa_setting', 'app_secret', '123', 1669185957, 1680516864);

INSERT INTO `ls_config` (`id`, `type`, `name`, `value`, `create_time`, `update_time`) VALUES (15, 'oa_setting', 'token', '', 1669185957, 1669185957);

INSERT INTO `ls_config` (`id`, `type`, `name`, `value`, `create_time`, `update_time`) VALUES (16, 'oa_setting', 'encoding_aes_key', '', 1669185957, 1669185957);

INSERT INTO `ls_config` (`id`, `type`, `name`, `value`, `create_time`, `update_time`) VALUES (17, 'oa_setting', 'encryption_type', '3', 1669185957, 1669185957);

INSERT INTO `ls_config` (`id`, `type`, `name`, `value`, `create_time`, `update_time`) VALUES (18, 'login', 'login_way', '[\"1\",\"2\"]', 1669281216, 1669281216);

INSERT INTO `ls_config` (`id`, `type`, `name`, `value`, `create_time`, `update_time`) VALUES (19, 'login', 'coerce_mobile', '0', 1669281216, 1680515182);

INSERT INTO `ls_config` (`id`, `type`, `name`, `value`, `create_time`, `update_time`) VALUES (20, 'login', 'third_auth', '1', 1669281216, 1680515182);

INSERT INTO `ls_config` (`id`, `type`, `name`, `value`, `create_time`, `update_time`) VALUES (21, 'login', 'wechat_auth', '1', 1669281216, 1669281243);

INSERT INTO `ls_config` (`id`, `type`, `name`, `value`, `create_time`, `update_time`) VALUES (23, 'mnp_setting', 'name', '', 1670235373, 1670235373);

INSERT INTO `ls_config` (`id`, `type`, `name`, `value`, `create_time`, `update_time`) VALUES (24, 'mnp_setting', 'original_id', '', 1670235373, 1670235373);

INSERT INTO `ls_config` (`id`, `type`, `name`, `value`, `create_time`, `update_time`) VALUES (25, 'mnp_setting', 'qr_code', '', 1670235373, 1670235373);

INSERT INTO `ls_config` (`id`, `type`, `name`, `value`, `create_time`, `update_time`) VALUES (26, 'mnp_setting', 'app_id', '123', 1670235373, 1680516874);

INSERT INTO `ls_config` (`id`, `type`, `name`, `value`, `create_time`, `update_time`) VALUES (27, 'mnp_setting', 'app_secret', '123', 1670235373, 1680516874);

INSERT INTO `ls_file` (`id`, `cid`, `source_id`, `source`, `type`, `name`, `uri`, `create_time`, `update_time`, `delete_time`) VALUES (1, 0, 0, 0, 10, '预约.png', 'uploads/images/20221122/20221122172055f42074424.png', 1669108855, 1669109175, 1669109175);

INSERT INTO `ls_file` (`id`, `cid`, `source_id`, `source`, `type`, `name`, `uri`, `create_time`, `update_time`, `delete_time`) VALUES (2, 0, 0, 0, 10, '预约.png', 'uploads/images/20221122/2022112217261950cc89444.png', 1669109179, 1669109179, NULL);

INSERT INTO `ls_file` (`id`, `cid`, `source_id`, `source`, `type`, `name`, `uri`, `create_time`, `update_time`, `delete_time`) VALUES (3, 0, 0, 0, 10, '封面3.jpg', 'uploads/images/20221122/20221122172711f72e04821.jpg', 1669109231, 1669109231, NULL);

INSERT INTO `ls_file` (`id`, `cid`, `source_id`, `source`, `type`, `name`, `uri`, `create_time`, `update_time`, `delete_time`) VALUES (4, 0, 0, 0, 10, '默认头像.png', 'uploads/images/20221122/20221122174206f86276712.png', 1669110126, 1669110126, NULL);

INSERT INTO `ls_file` (`id`, `cid`, `source_id`, `source`, `type`, `name`, `uri`, `create_time`, `update_time`, `delete_time`) VALUES (5, 0, 0, 0, 10, 'admin_default.png', 'uploads/images/20221122/20221122174946191723489.png', 1669110586, 1669110586, NULL);

INSERT INTO `ls_file` (`id`, `cid`, `source_id`, `source`, `type`, `name`, `uri`, `create_time`, `update_time`, `delete_time`) VALUES (6, 0, 0, 0, 10, 'admin_default2.png', 'uploads/images/20221122/20221122175243c61898908.png', 1669110763, 1669110831, 1669110831);

INSERT INTO `ls_file` (`id`, `cid`, `source_id`, `source`, `type`, `name`, `uri`, `create_time`, `update_time`, `delete_time`) VALUES (7, 0, 0, 0, 10, 'admin_default2.png', 'uploads/images/20221122/202211221753554c7e04486.png', 1669110835, 1669110835, NULL);

INSERT INTO `ls_file` (`id`, `cid`, `source_id`, `source`, `type`, `name`, `uri`, `create_time`, `update_time`, `delete_time`) VALUES (8, 0, 0, 0, 10, 'admin_default2.png', 'uploads/images/20221122/20221122175752651238231.png', 1669111072, 1669111072, NULL);

INSERT INTO `ls_file` (`id`, `cid`, `source_id`, `source`, `type`, `name`, `uri`, `create_time`, `update_time`, `delete_time`) VALUES (9, 1, 0, 0, 10, 'order.png', 'uploads/images/20221122/20221122181417443bd3720.png', 1669112057, 1669112057, NULL);

INSERT INTO `ls_file` (`id`, `cid`, `source_id`, `source`, `type`, `name`, `uri`, `create_time`, `update_time`, `delete_time`) VALUES (10, 1, 0, 0, 10, 'mine_s.png', 'uploads/images/20221122/20221122181417948b84342.png', 1669112057, 1669112057, NULL);

INSERT INTO `ls_file` (`id`, `cid`, `source_id`, `source`, `type`, `name`, `uri`, `create_time`, `update_time`, `delete_time`) VALUES (11, 1, 0, 0, 10, 'list.png', 'uploads/images/20221122/202211221814174ebde7610.png', 1669112057, 1669112057, NULL);

INSERT INTO `ls_file` (`id`, `cid`, `source_id`, `source`, `type`, `name`, `uri`, `create_time`, `update_time`, `delete_time`) VALUES (12, 1, 0, 0, 10, 'index_s.png', 'uploads/images/20221122/20221122181417233c01247.png', 1669112057, 1669112057, NULL);

INSERT INTO `ls_file` (`id`, `cid`, `source_id`, `source`, `type`, `name`, `uri`, `create_time`, `update_time`, `delete_time`) VALUES (13, 1, 0, 0, 10, 'mine.png', 'uploads/images/20221122/202211221814173d4ed9428.png', 1669112057, 1669112057, NULL);

INSERT INTO `ls_file` (`id`, `cid`, `source_id`, `source`, `type`, `name`, `uri`, `create_time`, `update_time`, `delete_time`) VALUES (14, 1, 0, 0, 10, 'list_s.png', 'uploads/images/20221122/20221122181417ac76a8656.png', 1669112057, 1669112057, NULL);

INSERT INTO `ls_file` (`id`, `cid`, `source_id`, `source`, `type`, `name`, `uri`, `create_time`, `update_time`, `delete_time`) VALUES (15, 1, 0, 0, 10, 'order_s.png', 'uploads/images/20221122/20221122181417bbf2f1384.png', 1669112057, 1669112057, NULL);

INSERT INTO `ls_file` (`id`, `cid`, `source_id`, `source`, `type`, `name`, `uri`, `create_time`, `update_time`, `delete_time`) VALUES (16, 1, 0, 0, 10, 'index.png', 'uploads/images/20221122/20221122181503f7ccf5775.png', 1669112103, 1669112103, NULL);

INSERT INTO `ls_file` (`id`, `cid`, `source_id`, `source`, `type`, `name`, `uri`, `create_time`, `update_time`, `delete_time`) VALUES (17, 2, 0, 0, 10, '轮播图.png', 'uploads/images/20221122/20221122182527a51118662.png', 1669112727, 1669112799, 1669112799);

INSERT INTO `ls_file` (`id`, `cid`, `source_id`, `source`, `type`, `name`, `uri`, `create_time`, `update_time`, `delete_time`) VALUES (18, 2, 0, 0, 10, '轮播图.png', 'uploads/images/20221122/202211221826448ee080320.png', 1669112804, 1669112804, NULL);

INSERT INTO `ls_file` (`id`, `cid`, `source_id`, `source`, `type`, `name`, `uri`, `create_time`, `update_time`, `delete_time`) VALUES (19, 2, 0, 0, 10, '轮播图2.png', 'uploads/images/20221122/202211221829111e1553931.png', 1669112951, 1669112951, NULL);

INSERT INTO `ls_file` (`id`, `cid`, `source_id`, `source`, `type`, `name`, `uri`, `create_time`, `update_time`, `delete_time`) VALUES (20, 2, 0, 0, 10, '轮播图3.png', 'uploads/images/20221122/20221122182911712776201.png', 1669112951, 1669112951, NULL);

INSERT INTO `ls_file` (`id`, `cid`, `source_id`, `source`, `type`, `name`, `uri`, `create_time`, `update_time`, `delete_time`) VALUES (21, 2, 0, 0, 10, '轮播图2.png', 'uploads/images/20221122/20221122183052c4b806991.png', 1669113052, 1669113144, 1669113144);

INSERT INTO `ls_file` (`id`, `cid`, `source_id`, `source`, `type`, `name`, `uri`, `create_time`, `update_time`, `delete_time`) VALUES (22, 2, 0, 0, 10, '轮播图2.png', 'uploads/images/20221122/2022112218322863a213755.png', 1669113148, 1669113148, NULL);

INSERT INTO `ls_file` (`id`, `cid`, `source_id`, `source`, `type`, `name`, `uri`, `create_time`, `update_time`, `delete_time`) VALUES (23, 3, 0, 0, 10, '组 14658.png', 'uploads/images/20221122/20221122185619ff4896647.png', 1669114579, 1669114579, NULL);

INSERT INTO `ls_file` (`id`, `cid`, `source_id`, `source`, `type`, `name`, `uri`, `create_time`, `update_time`, `delete_time`) VALUES (24, 3, 0, 0, 10, '组 14661.png', 'uploads/images/20221122/20221122185619fc1379763.png', 1669114579, 1669114579, NULL);

INSERT INTO `ls_file` (`id`, `cid`, `source_id`, `source`, `type`, `name`, `uri`, `create_time`, `update_time`, `delete_time`) VALUES (25, 3, 0, 0, 10, '组 14660.png', 'uploads/images/20221122/20221122185619c75141801.png', 1669114579, 1669114579, NULL);

INSERT INTO `ls_file` (`id`, `cid`, `source_id`, `source`, `type`, `name`, `uri`, `create_time`, `update_time`, `delete_time`) VALUES (26, 3, 0, 0, 10, '组 14659.png', 'uploads/images/20221122/202211221856196a3752109.png', 1669114579, 1669114579, NULL);

INSERT INTO `ls_file` (`id`, `cid`, `source_id`, `source`, `type`, `name`, `uri`, `create_time`, `update_time`, `delete_time`) VALUES (27, 3, 0, 0, 10, '组 14657.png', 'uploads/images/20221122/20221122185619055917601.png', 1669114579, 1669114579, NULL);

INSERT INTO `ls_file` (`id`, `cid`, `source_id`, `source`, `type`, `name`, `uri`, `create_time`, `update_time`, `delete_time`) VALUES (28, 4, 0, 0, 10, 'd6e19cd786d825ae4b87d39d9c8a7471.jpeg', 'uploads/images/20221123/202211231450177e1215173.jpeg', 1669186217, 1669186217, NULL);

INSERT INTO `ls_file` (`id`, `cid`, `source_id`, `source`, `type`, `name`, `uri`, `create_time`, `update_time`, `delete_time`) VALUES (29, 4, 0, 0, 10, '深度清洁.jpeg', 'uploads/images/20221123/2022112315045312f843474.jpeg', 1669187093, 1669187093, NULL);

INSERT INTO `ls_file` (`id`, `cid`, `source_id`, `source`, `type`, `name`, `uri`, `create_time`, `update_time`, `delete_time`) VALUES (30, 4, 0, 0, 10, '擦玻璃.jpeg', 'uploads/images/20221123/20221123150453b44b44013.jpeg', 1669187093, 1669187093, NULL);

INSERT INTO `ls_file` (`id`, `cid`, `source_id`, `source`, `type`, `name`, `uri`, `create_time`, `update_time`, `delete_time`) VALUES (31, 4, 0, 0, 10, '擦玻璃.png', 'uploads/images/20221123/202211231504534bcd37044.png', 1669187093, 1669187093, NULL);

INSERT INTO `ls_file` (`id`, `cid`, `source_id`, `source`, `type`, `name`, `uri`, `create_time`, `update_time`, `delete_time`) VALUES (32, 4, 0, 0, 10, '除螨.png', 'uploads/images/20221123/2022112315075194df68770.png', 1669187271, 1669187271, NULL);

INSERT INTO `ls_file` (`id`, `cid`, `source_id`, `source`, `type`, `name`, `uri`, `create_time`, `update_time`, `delete_time`) VALUES (33, 4, 0, 0, 10, '电脑维修.png', 'uploads/images/20221123/2022112315211131a068095.png', 1669188071, 1669188071, NULL);

INSERT INTO `ls_file` (`id`, `cid`, `source_id`, `source`, `type`, `name`, `uri`, `create_time`, `update_time`, `delete_time`) VALUES (34, 4, 0, 0, 10, '笔记本电脑.jpeg', 'uploads/images/20221123/202211231524051a0e85174.jpeg', 1669188245, 1669188245, NULL);

INSERT INTO `ls_file` (`id`, `cid`, `source_id`, `source`, `type`, `name`, `uri`, `create_time`, `update_time`, `delete_time`) VALUES (35, 4, 0, 0, 10, '手机维修.png', 'uploads/images/20221123/202211231543518b6339851.png', 1669189431, 1669189431, NULL);

INSERT INTO `ls_file` (`id`, `cid`, `source_id`, `source`, `type`, `name`, `uri`, `create_time`, `update_time`, `delete_time`) VALUES (36, 4, 0, 0, 10, '苹果手机维修.png', 'uploads/images/20221123/202211231543510f03d1199.png', 1669189431, 1669189431, NULL);

INSERT INTO `ls_file` (`id`, `cid`, `source_id`, `source`, `type`, `name`, `uri`, `create_time`, `update_time`, `delete_time`) VALUES (37, 4, 0, 0, 10, '冰箱清洗.jpeg', 'uploads/images/20221123/20221123162521be3294257.jpeg', 1669191921, 1669191921, NULL);

INSERT INTO `ls_file` (`id`, `cid`, `source_id`, `source`, `type`, `name`, `uri`, `create_time`, `update_time`, `delete_time`) VALUES (38, 4, 0, 0, 10, '空调清洗.png', 'uploads/images/20221123/20221123162521931646422.png', 1669191921, 1669191921, NULL);

INSERT INTO `ls_file` (`id`, `cid`, `source_id`, `source`, `type`, `name`, `uri`, `create_time`, `update_time`, `delete_time`) VALUES (39, 0, 0, 0, 10, '客服头像.png', 'uploads/images/20221123/20221123163256cd5838574.png', 1669192376, 1669192376, NULL);

INSERT INTO `ls_file` (`id`, `cid`, `source_id`, `source`, `type`, `name`, `uri`, `create_time`, `update_time`, `delete_time`) VALUES (40, 0, 0, 0, 10, '小广告.png', 'uploads/images/20221123/20221123164512bcd398915.png', 1669193112, 1669193167, 1669193167);

INSERT INTO `ls_file` (`id`, `cid`, `source_id`, `source`, `type`, `name`, `uri`, `create_time`, `update_time`, `delete_time`) VALUES (41, 0, 0, 0, 10, '小广告.png', 'uploads/images/20221123/20221123164612f546d5179.png', 1669193172, 1669193172, NULL);

INSERT INTO `ls_file` (`id`, `cid`, `source_id`, `source`, `type`, `name`, `uri`, `create_time`, `update_time`, `delete_time`) VALUES (42, 4, 0, 0, 10, '油烟机清洗.jpeg', 'uploads/images/20221123/20221123164823326587421.jpeg', 1669193303, 1669193303, NULL);

INSERT INTO `ls_file` (`id`, `cid`, `source_id`, `source`, `type`, `name`, `uri`, `create_time`, `update_time`, `delete_time`) VALUES (43, 0, 0, 0, 10, 'login_img.png', 'uploads/images/20221209/202212091001440eb933101.png', 1670551304, 1670551304, NULL);

INSERT INTO `ls_file` (`id`, `cid`, `source_id`, `source`, `type`, `name`, `uri`, `create_time`, `update_time`, `delete_time`) VALUES (44, 0, 0, 0, 10, '上门预约.png', 'uploads/images/20221209/20221209145933ad3bb1465.png', 1670569173, 1670569173, NULL);

INSERT INTO `ls_file` (`id`, `cid`, `source_id`, `source`, `type`, `name`, `uri`, `create_time`, `update_time`, `delete_time`) VALUES (45, 0, 0, 0, 10, '上门预约-2.png', 'uploads/images/20221209/202212091501353af489908.png', 1670569295, 1670569295, NULL);

INSERT INTO `ls_file` (`id`, `cid`, `source_id`, `source`, `type`, `name`, `uri`, `create_time`, `update_time`, `delete_time`) VALUES (46, 0, 0, 0, 10, 'WechatIMG6.jpg', 'uploads/images/20221209/20221209151235882e72054.jpg', 1670569955, 1670569955, NULL);

INSERT INTO `ls_file` (`id`, `cid`, `source_id`, `source`, `type`, `name`, `uri`, `create_time`, `update_time`, `delete_time`) VALUES (47, 0, 0, 0, 10, 'login (1).png', 'uploads/images/20230403/20230403174253cea731635.png', 1680514973, 1680514973, NULL);

INSERT INTO `ls_file` (`id`, `cid`, `source_id`, `source`, `type`, `name`, `uri`, `create_time`, `update_time`, `delete_time`) VALUES (48, 0, 0, 0, 10, '支付-微信支付.png', 'uploads/images/20230403/202304031744297dcd86032.png', 1680515069, 1680515069, NULL);

INSERT INTO `ls_file_cate` (`id`, `pid`, `type`, `name`, `create_time`, `update_time`, `delete_time`) VALUES (1, 0, 10, '底部导航图标', 1669111977, 1669111977, NULL);

INSERT INTO `ls_file_cate` (`id`, `pid`, `type`, `name`, `create_time`, `update_time`, `delete_time`) VALUES (2, 0, 10, '轮播图', 1669112718, 1669112718, NULL);

INSERT INTO `ls_file_cate` (`id`, `pid`, `type`, `name`, `create_time`, `update_time`, `delete_time`) VALUES (3, 0, 10, '首页导航', 1669114571, 1669114571, NULL);

INSERT INTO `ls_file_cate` (`id`, `pid`, `type`, `name`, `create_time`, `update_time`, `delete_time`) VALUES (4, 0, 10, '主图', 1669186209, 1669186209, NULL);

INSERT INTO `ls_goods` (`id`, `name`, `remarks`, `category_id`, `unit_id`, `image`, `price`, `scribing_price`, `status`, `sort`, `content`, `order_num`, `create_time`, `update_time`, `delete_time`) VALUES (1, '日常保洁', '', 2, 4, 'uploads/images/20221123/202211231450177e1215173.jpeg', 45.00, 0.00, 1, 0, '', 0, 1669186240, 1669186324, NULL);

INSERT INTO `ls_goods` (`id`, `name`, `remarks`, `category_id`, `unit_id`, `image`, `price`, `scribing_price`, `status`, `sort`, `content`, `order_num`, `create_time`, `update_time`, `delete_time`) VALUES (2, '擦玻璃', '', 5, 4, 'uploads/images/20221123/202211231504534bcd37044.png', 40.00, 0.00, 1, 0, '', 0, 1669187110, 1669187110, NULL);

INSERT INTO `ls_goods` (`id`, `name`, `remarks`, `category_id`, `unit_id`, `image`, `price`, `scribing_price`, `status`, `sort`, `content`, `order_num`, `create_time`, `update_time`, `delete_time`) VALUES (3, '专业擦玻璃', '', 5, 4, 'uploads/images/20221123/20221123150453b44b44013.jpeg', 60.00, 0.00, 1, 0, '', 0, 1669187153, 1669187153, NULL);

INSERT INTO `ls_goods` (`id`, `name`, `remarks`, `category_id`, `unit_id`, `image`, `price`, `scribing_price`, `status`, `sort`, `content`, `order_num`, `create_time`, `update_time`, `delete_time`) VALUES (4, '沙发除螨', '', 2, 4, 'uploads/images/20221123/2022112315075194df68770.png', 0.01, 0.00, 1, 0, '', 0, 1669187308, 1670235280, NULL);

INSERT INTO `ls_goods` (`id`, `name`, `remarks`, `category_id`, `unit_id`, `image`, `price`, `scribing_price`, `status`, `sort`, `content`, `order_num`, `create_time`, `update_time`, `delete_time`) VALUES (5, '苹果电脑维修', '', 8, 5, 'uploads/images/20221123/2022112315211131a068095.png', 200.00, 0.00, 1, 0, '', 0, 1669188081, 1669188224, NULL);

INSERT INTO `ls_goods` (`id`, `name`, `remarks`, `category_id`, `unit_id`, `image`, `price`, `scribing_price`, `status`, `sort`, `content`, `order_num`, `create_time`, `update_time`, `delete_time`) VALUES (6, '电脑维修', '', 8, 5, 'uploads/images/20221123/202211231524051a0e85174.jpeg', 150.00, 0.00, 1, 0, '', 0, 1669188260, 1669188289, NULL);

INSERT INTO `ls_goods` (`id`, `name`, `remarks`, `category_id`, `unit_id`, `image`, `price`, `scribing_price`, `status`, `sort`, `content`, `order_num`, `create_time`, `update_time`, `delete_time`) VALUES (7, '手机维修', '', 9, 5, 'uploads/images/20221123/202211231543518b6339851.png', 200.00, 0.00, 1, 0, '', 0, 1669189445, 1669189445, NULL);

INSERT INTO `ls_goods` (`id`, `name`, `remarks`, `category_id`, `unit_id`, `image`, `price`, `scribing_price`, `status`, `sort`, `content`, `order_num`, `create_time`, `update_time`, `delete_time`) VALUES (8, '苹果手机维修', '', 9, 5, 'uploads/images/20221123/202211231543510f03d1199.png', 250.00, 0.00, 1, 0, '', 0, 1669189471, 1669189471, NULL);

INSERT INTO `ls_goods` (`id`, `name`, `remarks`, `category_id`, `unit_id`, `image`, `price`, `scribing_price`, `status`, `sort`, `content`, `order_num`, `create_time`, `update_time`, `delete_time`) VALUES (9, '油烟机清洗', '', 10, 5, 'uploads/images/20221123/20221123164823326587421.jpeg', 300.00, 0.00, 1, 0, '<p><img src=\"https://smyyys.yixiangonline.com/uploads/images/20221123/20221123162521931646422.png\" alt=\"\" data-href=\"\" style=\"\"/></p>', 0, 1669191931, 1669193305, NULL);

INSERT INTO `ls_goods` (`id`, `name`, `remarks`, `category_id`, `unit_id`, `image`, `price`, `scribing_price`, `status`, `sort`, `content`, `order_num`, `create_time`, `update_time`, `delete_time`) VALUES (10, '冰箱清洗', '', 10, 5, 'uploads/images/20221123/20221123162521be3294257.jpeg', 220.00, 0.00, 1, 0, '', 0, 1669191954, 1669281226, NULL);

INSERT INTO `ls_goods_category` (`id`, `name`, `pid`, `level`, `image`, `sort`, `is_show`, `is_recommend`, `create_time`, `update_time`, `delete_time`) VALUES (1, '家庭保洁', 0, 1, 'uploads/images/20221122/20221122185619055917601.png', 10, 1, 1, 1669114841, 1669185780, NULL);

INSERT INTO `ls_goods_category` (`id`, `name`, `pid`, `level`, `image`, `sort`, `is_show`, `is_recommend`, `create_time`, `update_time`, `delete_time`) VALUES (2, '日常清洁', 1, 2, 'uploads/images/20221122/20221122185619055917601.png', 0, 1, 1, 1669175442, 1669185780, NULL);

INSERT INTO `ls_goods_category` (`id`, `name`, `pid`, `level`, `image`, `sort`, `is_show`, `is_recommend`, `create_time`, `update_time`, `delete_time`) VALUES (3, '上门维修', 0, 1, 'uploads/images/20221122/202211221856196a3752109.png', 9, 1, 1, 1669175622, 1669185788, NULL);

INSERT INTO `ls_goods_category` (`id`, `name`, `pid`, `level`, `image`, `sort`, `is_show`, `is_recommend`, `create_time`, `update_time`, `delete_time`) VALUES (4, '深度清洁', 1, 2, 'uploads/images/20221122/20221122185619055917601.png', 0, 1, 1, 1669178045, 1669185780, NULL);

INSERT INTO `ls_goods_category` (`id`, `name`, `pid`, `level`, `image`, `sort`, `is_show`, `is_recommend`, `create_time`, `update_time`, `delete_time`) VALUES (5, '擦玻璃', 1, 2, 'uploads/images/20221122/20221122185619055917601.png', 0, 1, 1, 1669185560, 1669185780, NULL);

INSERT INTO `ls_goods_category` (`id`, `name`, `pid`, `level`, `image`, `sort`, `is_show`, `is_recommend`, `create_time`, `update_time`, `delete_time`) VALUES (6, '收纳整理', 1, 2, 'uploads/images/20221122/20221122185619055917601.png', 0, 1, 1, 1669185588, 1669185780, NULL);

INSERT INTO `ls_goods_category` (`id`, `name`, `pid`, `level`, `image`, `sort`, `is_show`, `is_recommend`, `create_time`, `update_time`, `delete_time`) VALUES (7, '家电维修', 3, 2, 'uploads/images/20221122/20221122185619ff4896647.png', 0, 1, 1, 1669185619, 1669185788, NULL);

INSERT INTO `ls_goods_category` (`id`, `name`, `pid`, `level`, `image`, `sort`, `is_show`, `is_recommend`, `create_time`, `update_time`, `delete_time`) VALUES (8, '电脑维修', 3, 2, 'uploads/images/20221122/20221122185619ff4896647.png', 0, 1, 1, 1669185635, 1669185788, NULL);

INSERT INTO `ls_goods_category` (`id`, `name`, `pid`, `level`, `image`, `sort`, `is_show`, `is_recommend`, `create_time`, `update_time`, `delete_time`) VALUES (9, '手机维修', 3, 2, 'uploads/images/20221122/20221122185619ff4896647.png', 0, 1, 1, 1669185648, 1669185788, NULL);

INSERT INTO `ls_goods_category` (`id`, `name`, `pid`, `level`, `image`, `sort`, `is_show`, `is_recommend`, `create_time`, `update_time`, `delete_time`) VALUES (10, '家电清洗', 0, 1, 'uploads/images/20221122/202211221856196a3752109.png', 8, 1, 1, 1669185668, 1669193344, NULL);

INSERT INTO `ls_goods_category` (`id`, `name`, `pid`, `level`, `image`, `sort`, `is_show`, `is_recommend`, `create_time`, `update_time`, `delete_time`) VALUES (11, '上门安装', 0, 1, 'uploads/images/20221122/20221122185619c75141801.png', 0, 1, 0, 1669185758, 1670559469, NULL);

INSERT INTO `ls_goods_collect` (`id`, `user_id`, `goods_id`, `create_time`) VALUES (1, 5, 10, 1670566201);

INSERT INTO `ls_goods_image` (`id`, `goods_id`, `uri`) VALUES (2, 1, 'uploads/images/20221123/202211231450177e1215173.jpeg');

INSERT INTO `ls_goods_image` (`id`, `goods_id`, `uri`) VALUES (3, 2, 'uploads/images/20221123/202211231504534bcd37044.png');

INSERT INTO `ls_goods_image` (`id`, `goods_id`, `uri`) VALUES (4, 3, 'uploads/images/20221123/20221123150453b44b44013.jpeg');

INSERT INTO `ls_goods_image` (`id`, `goods_id`, `uri`) VALUES (7, 5, 'uploads/images/20221123/2022112315211131a068095.png');

INSERT INTO `ls_goods_image` (`id`, `goods_id`, `uri`) VALUES (9, 6, 'uploads/images/20221123/202211231524051a0e85174.jpeg');

INSERT INTO `ls_goods_image` (`id`, `goods_id`, `uri`) VALUES (10, 7, 'uploads/images/20221123/202211231543518b6339851.png');

INSERT INTO `ls_goods_image` (`id`, `goods_id`, `uri`) VALUES (11, 8, 'uploads/images/20221123/202211231543510f03d1199.png');

INSERT INTO `ls_goods_image` (`id`, `goods_id`, `uri`) VALUES (15, 9, 'uploads/images/20221123/20221123164823326587421.jpeg');

INSERT INTO `ls_goods_image` (`id`, `goods_id`, `uri`) VALUES (17, 10, 'uploads/images/20221123/20221123162521be3294257.jpeg');

INSERT INTO `ls_goods_image` (`id`, `goods_id`, `uri`) VALUES (18, 4, 'uploads/images/20221123/2022112315075194df68770.png');

INSERT INTO `ls_goods_unit` (`id`, `name`, `sort`, `create_time`, `update_time`, `delete_time`) VALUES (1, '/小时', 0, 1669177762, 1669186352, 1669186352);

INSERT INTO `ls_goods_unit` (`id`, `name`, `sort`, `create_time`, `update_time`, `delete_time`) VALUES (2, '/台', 0, 1669177789, 1669186271, 1669186271);

INSERT INTO `ls_goods_unit` (`id`, `name`, `sort`, `create_time`, `update_time`, `delete_time`) VALUES (3, '/次', 0, 1669177805, 1669186273, 1669186273);

INSERT INTO `ls_goods_unit` (`id`, `name`, `sort`, `create_time`, `update_time`, `delete_time`) VALUES (4, '元/小时', 0, 1669186281, 1669186281, NULL);

INSERT INTO `ls_goods_unit` (`id`, `name`, `sort`, `create_time`, `update_time`, `delete_time`) VALUES (5, '元/台', 0, 1669186289, 1669186289, NULL);

INSERT INTO `ls_goods_unit` (`id`, `name`, `sort`, `create_time`, `update_time`, `delete_time`) VALUES (6, '元/次', 0, 1669186295, 1669186295, NULL);

INSERT INTO `ls_goods_unit` (`id`, `name`, `sort`, `create_time`, `update_time`, `delete_time`) VALUES (7, '元/2小时', 0, 1669187323, 1669187323, NULL);

INSERT INTO `ls_order_time` (`id`, `start_time`, `end_time`, `sort`, `create_time`, `update_time`, `delete_time`) VALUES (1, '08:00', '08:30', 0, 1669281341, 1669282810, 1669282810);

INSERT INTO `ls_order_time` (`id`, `start_time`, `end_time`, `sort`, `create_time`, `update_time`, `delete_time`) VALUES (2, '08:30', '09:00', 0, 1669281424, 1669282150, 1669282150);

INSERT INTO `ls_order_time` (`id`, `start_time`, `end_time`, `sort`, `create_time`, `update_time`, `delete_time`) VALUES (3, '09:00', '09:30', 0, 1669281510, 1669281886, 1669281886);

INSERT INTO `ls_order_time` (`id`, `start_time`, `end_time`, `sort`, `create_time`, `update_time`, `delete_time`) VALUES (4, '22:00', '22:30', 0, 1669281701, 1669281883, 1669281883);

INSERT INTO `ls_order_time` (`id`, `start_time`, `end_time`, `sort`, `create_time`, `update_time`, `delete_time`) VALUES (5, '21:30', '22:00', 0, 1669281726, 1669281726, NULL);

INSERT INTO `ls_order_time` (`id`, `start_time`, `end_time`, `sort`, `create_time`, `update_time`, `delete_time`) VALUES (6, '21:00', '21:30', 0, 1669281757, 1669281757, NULL);

INSERT INTO `ls_order_time` (`id`, `start_time`, `end_time`, `sort`, `create_time`, `update_time`, `delete_time`) VALUES (7, '20:30', '21:00', 0, 1669281772, 1669281772, NULL);

INSERT INTO `ls_order_time` (`id`, `start_time`, `end_time`, `sort`, `create_time`, `update_time`, `delete_time`) VALUES (8, '20:00', '20:30', 0, 1669281787, 1669281787, NULL);

INSERT INTO `ls_order_time` (`id`, `start_time`, `end_time`, `sort`, `create_time`, `update_time`, `delete_time`) VALUES (9, '19:30', '20:00', 0, 1669281808, 1669281808, NULL);

INSERT INTO `ls_order_time` (`id`, `start_time`, `end_time`, `sort`, `create_time`, `update_time`, `delete_time`) VALUES (10, '19:00', '19:30', 0, 1669281826, 1669281826, NULL);

INSERT INTO `ls_order_time` (`id`, `start_time`, `end_time`, `sort`, `create_time`, `update_time`, `delete_time`) VALUES (11, '18:30', '19:00', 0, 1669281845, 1669281845, NULL);

INSERT INTO `ls_order_time` (`id`, `start_time`, `end_time`, `sort`, `create_time`, `update_time`, `delete_time`) VALUES (12, '18:00', '18:30', 0, 1669281856, 1669281856, NULL);

INSERT INTO `ls_order_time` (`id`, `start_time`, `end_time`, `sort`, `create_time`, `update_time`, `delete_time`) VALUES (13, '17:30', '18:00', 0, 1669281876, 1669281876, NULL);

INSERT INTO `ls_order_time` (`id`, `start_time`, `end_time`, `sort`, `create_time`, `update_time`, `delete_time`) VALUES (14, '17:00', '17:30', 0, 1669281899, 1669281899, NULL);

INSERT INTO `ls_order_time` (`id`, `start_time`, `end_time`, `sort`, `create_time`, `update_time`, `delete_time`) VALUES (15, '16:30', '17:00', 0, 1669281917, 1669281925, NULL);

INSERT INTO `ls_order_time` (`id`, `start_time`, `end_time`, `sort`, `create_time`, `update_time`, `delete_time`) VALUES (16, '16:00', '16:30', 0, 1669281949, 1669281949, NULL);

INSERT INTO `ls_order_time` (`id`, `start_time`, `end_time`, `sort`, `create_time`, `update_time`, `delete_time`) VALUES (17, '15:30', '16:00', 0, 1669281976, 1669281976, NULL);

INSERT INTO `ls_order_time` (`id`, `start_time`, `end_time`, `sort`, `create_time`, `update_time`, `delete_time`) VALUES (18, '14:00', '15:00', 0, 1669282003, 1669282003, NULL);

INSERT INTO `ls_order_time` (`id`, `start_time`, `end_time`, `sort`, `create_time`, `update_time`, `delete_time`) VALUES (19, '13:00', '14:00', 0, 1669282018, 1669282018, NULL);

INSERT INTO `ls_order_time` (`id`, `start_time`, `end_time`, `sort`, `create_time`, `update_time`, `delete_time`) VALUES (20, '12:00', '13:00', 0, 1669282028, 1669282028, NULL);

INSERT INTO `ls_order_time` (`id`, `start_time`, `end_time`, `sort`, `create_time`, `update_time`, `delete_time`) VALUES (21, '11:00', '12:00', 0, 1669282043, 1669282043, NULL);

INSERT INTO `ls_order_time` (`id`, `start_time`, `end_time`, `sort`, `create_time`, `update_time`, `delete_time`) VALUES (22, '10:00', '11:00', 0, 1669282053, 1669282053, NULL);

INSERT INTO `ls_order_time` (`id`, `start_time`, `end_time`, `sort`, `create_time`, `update_time`, `delete_time`) VALUES (23, '09:00', '10:00', 0, 1669282090, 1669282090, NULL);

SET FOREIGN_KEY_CHECKS = 1;